,id,date,jspsychID,prolificID,completion
0,7,2021-09-25 18:42:27.645621,mh46p2b523yy1qu,5f8671c4b8cacd1d4444fab5,1
1,8,2021-09-25 18:44:34.051343,bht4czhyag645lg,614f8fd971601c970ac491b1,1
2,9,2021-09-25 18:44:52.149353,26g5jp57pvqxkau,5f73edee7379c903c056edfb,1
3,11,2021-09-25 18:46:40.705611,bwm63az1e5flkrd,614efef7c736b9764986ea13,1
4,13,2021-09-25 18:50:33.417524,9xysvf8aedhv2cn,5f16ce762a29d0000ba36acd,1
5,14,2021-09-25 18:50:52.514425,m09xkn4vtyo1ll6,614f22dfa54d9361b45c3052,1
6,15,2021-09-25 18:53:02.028562,b4m437xn8t0f046,613a831c9e95177eff4df9d5,1
7,16,2021-09-25 18:53:48.417701,rbujcoxmek5s7d8,614f45a5dbb73599b9fdc65b,1
8,17,2021-09-25 18:53:58.763457,yngh1u01snkzl99,614f7dd4163d7e2788a234c4,1
9,18,2021-09-25 18:54:14.004631,c7rp8r7tzas6l45,614e6c5ce7b76c2caf72bac3,1
10,19,2021-09-25 18:55:10.594442,ujzvxelnjdy3mep,614dfd96cdc9c1063b64c437,1
11,20,2021-09-25 18:55:23.661765,eur3domry9lny4r,614fa17cfa4cdd5a99386173,1
12,23,2021-09-25 18:58:02.008257,rsbm4tmgbzlev7l,614f9cbae1537d7f8ee465d5,1
13,24,2021-09-25 18:58:28.234599,307xl96xevy258j,61453102f1a4a04ad2d84ddb,1
14,25,2021-09-25 18:58:51.084084,njqwqy2uvk45qo4,,1
15,26,2021-09-25 19:00:39.063879,lntq1tu3mh22jor,6148c94f1a570407b7a3f79d,1
16,28,2021-09-25 19:11:46.693194,dksxnsd62qspmg9,614dfd96cdc9c1063b64c437,1
17,29,2021-09-25 19:13:36.407714,1z2qa8k94m5nhuz,614e4ab1635a8e01f613b260,1
18,31,2021-09-25 19:23:10.760870,z7kgztrmwt90l5g,61396129ae2bc535ed30013b,1
19,32,2021-09-25 19:30:02.568203,9b3yb9fsrk4mwab,,1
20,33,2021-09-25 20:01:35.109083,76bzkyv13ebwbye,613a5040ecc01fdf98b0128d,1
21,34,2021-09-25 20:16:09.538920,wwbb0b4gx0sb7gr,60eb7d6411c2bc8510fb1940,1
22,36,2021-09-30 16:03:13.692665,hm3ylwamz4yutgo,6155b300fc78681c6f548229,1
24,38,2021-09-30 17:28:23.625685,5gxl4ogfaqjuo8a,6155adf4ee138fa287c8c688,1
25,39,2021-09-30 17:30:05.808474,2hd8aow1p4mrm10,61561dc057352a0550edbcb0,1
26,40,2021-09-30 17:30:10.540822,1c0rehfjbb5j2dp,61537cec23950ded33bf5f08,1
27,43,2021-09-30 17:34:08.421345,7qca4p5vl4p53u5,614dbd2ae118e61a2c1439b8,1
28,44,2021-09-30 17:35:07.581682,m1clm7qw9njgn2f,5f1723a2c7874703ccd2572a,1
29,46,2021-09-30 17:36:34.924659,w5qbszx5se0w41v,61477fd6bf3410092abf263a,1
30,47,2021-09-30 17:36:57.856566,n3l3ywq9a13t95x,6154c53864d43781adc63a77,1
31,48,2021-09-30 17:37:04.365982,jsk29ohbeorw0rk,6154f3944aafae35e9e26b36,1
32,49,2021-09-30 17:37:14.972597,3ns2f1ydq9jz88s,6143f6b68ee536f27a212a5a,1
33,50,2021-09-30 17:38:07.266922,dysyt4xpddz8yh6,61468dd883d26912b23e2779,1
34,52,2021-09-30 17:38:35.192044,cj75mbe6y8osggc,61532487add5797a18c05059,1
35,54,2021-09-30 17:41:49.754127,d9ne34efqyn17jg,61548a52f504471d4e3cc8cb,1
36,55,2021-09-30 17:42:09.891174,6wkk2e2m7s1pa5s,6154d3944980f4d6f10b3d70,1
37,56,2021-09-30 17:42:27.966907,knlqaq1jr647zuk,614f6401e65e0fcb5c496b8b,1
38,57,2021-09-30 17:45:36.022522,vrzdgc5xwgyg414,6150e9356f2eee4187fa6f7d,1
39,58,2021-09-30 17:46:04.846624,jsr4u272s1fxhbg,60f09e8d836fb8fd1e90a271,1
40,61,2021-09-30 18:00:25.770856,osgqtmxu03grrv9,61532f7c1d2d0ad71c723e7b,1
41,62,2021-09-30 18:00:44.694999,nfgq3fw9yk5w42r,6155e4518a157d5218e46a3b,1
42,63,2021-09-30 18:03:59.662904,3jfkzkbbo2j926k,6153c59c85cc4386651341d4,1
43,64,2021-09-30 18:45:27.461841,vgwwfeaqooasktd,61552c3c65c5d5e1870a2814,1
44,65,2021-09-30 18:46:19.222337,h6mjtsg210k3vk5,614a35c6add3d34fbb0fd2be,1
45,66,2021-09-30 18:50:15.098187,5jbn5lcuc87a3mw,6144be2608e5cf13171f0a7b,1
46,67,2021-09-30 18:52:08.839309,q3hlbonx8wd1su4,5fbb0453be0cdb981ee08854,1
47,68,2021-09-30 18:55:14.952535,zo7r5u0q983nfkq,614a4887fd7dbb495e09ba96,1
48,69,2021-09-30 18:57:44.552257,ha0r8oguzma28oh,613ace7054d1e8136610319c,1
49,70,2021-09-30 18:58:38.361812,jkov8xlj7x4g9xy,6156114f01b0d68531a511a0,1
50,71,2021-09-30 19:00:07.072119,wolp4qsaouxdjpf,613f8622afc3159b95d83ee1,1
51,72,2021-09-30 19:00:22.258462,yfqv0c5nyhhplzs,614b82fdf5b2a4d881e6e4c9,1
52,73,2021-09-30 19:00:40.212091,q8zc2v4o21qcyuu,614e33d39fa5395c5daf48d5,1
53,74,2021-09-30 19:01:27.442990,vdgac0fwzc8por6,61537cec23950ded33bf5f08,1
54,76,2021-09-30 19:02:46.510805,ew8c4yo46q6ktp3,61537d9393a3a4c9cb3873f7,1
55,77,2021-09-30 19:03:15.037541,xgd70dbt1wtj9dl,61466a9b26c5985a58b104de,1
56,78,2021-09-30 19:03:39.654076,xb5sm6zp5arhtnp,613a4dba66aad1536898a04b,1
57,79,2021-09-30 19:03:58.700471,5knefwdofbn0qq4,614ff3bc96702c7a515b03d6,1
58,80,2021-09-30 19:04:07.408246,vo3bhdaoungmvt5,615630f6686c2ea1a0766e23,1
59,81,2021-09-30 19:05:34.876692,4795nhx00rws66a,61562b0aafe34dbba9e8e4ac,1
60,83,2021-09-30 19:06:35.327284,y7cx27l80cktq3p,5f08d10e832baa145af0284a,1
61,86,2021-09-30 19:07:53.651646,3do436d15tuqsck,614e50434a52da975ed59234,1
62,87,2021-09-30 19:07:58.676937,d4myor18rkb4rv2,6154d3944980f4d6f10b3d70,1
63,89,2021-09-30 19:08:09.927701,5p45pbeu69pq8ew,6154737cf4536cd2ff630425,1
64,90,2021-09-30 19:08:14.461418,wfrvd6oo1j8yus5,61560c5fa05b0b290128a716,1
65,91,2021-09-30 19:08:27.005548,nuw9adkea4pxh1e,614a4a62ef310cbb2dfcb05a,1
66,92,2021-09-30 19:08:48.870649,sbfpmdxn1o6ww5z,613a4c107aa06a1c3d00b6c2,1
67,93,2021-09-30 19:09:06.162593,fphghwmmt376gvb,614ed6f3ef0de1d05b8153a5,1
68,95,2021-09-30 19:09:20.730450,jqjw4dz655upgom,613d54e0d386dced808141e4,1
69,96,2021-09-30 19:09:40.144284,g8s0973unh6550j,6155f48a311e8ebac5f15683,1
70,97,2021-09-30 19:09:52.632075,47g2ydexnu5nff8,61548a52f504471d4e3cc8cb,1
71,98,2021-09-30 19:09:52.835448,dasa5o8ouck43av,6150eacdab54fa7b7fd78f39,1
72,99,2021-09-30 19:10:02.006023,t9dwkvp554jygdv,6151f17fa8e520d2ba325b9e,1
73,100,2021-09-30 19:10:33.016790,lqd8p9cj1l4y9su,6154f3944aafae35e9e26b36,1
74,101,2021-09-30 19:10:33.981874,n698nus45kjgtld,61520b079436973e05f72d33,1
75,102,2021-09-30 19:10:53.453160,sgdutqce964mkuf,613a726daa7f5d53448ac6f1,1
76,103,2021-09-30 19:11:17.535467,70674dorhm03b8p,613aa02f57a0c9e6fcab4bf6,1
77,104,2021-09-30 19:11:17.795742,ddc9wmaeh2dtth5,5ca7ca2ea5568f0015f74ecc,1
78,105,2021-09-30 19:11:27.554985,ct93qhf1y71htuk,61538e8f290de7ef8eb30366,1
79,106,2021-09-30 19:12:32.251490,xyd09r7rdvc4anb,615629856035c115f0474156,1
80,108,2021-09-30 19:13:36.404323,tfb06seq0jh9d1w,6154b3a7e4bc93e1ce93c6bc,1
81,109,2021-09-30 19:16:25.385307,ndwjjsgtq55ge56,6143f6b68ee536f27a212a5a,1
82,110,2021-09-30 19:16:33.071590,7m8vk5087yr60xs,615053c3e14827796d681870,1
83,114,2021-09-30 19:18:15.027586,t8r2tnyer4914t8,615281558905c5e6282539b7,1
84,115,2021-09-30 19:18:24.193481,aq2k8hublgoo6ex,615282175dc69d49906c60e7,1
85,117,2021-09-30 19:20:19.244897,15owykk25mjf8uz,6154d3944980f4d6f10b3d70,1
86,119,2021-09-30 19:23:36.485541,zfwu4x4zyeddswk,6154da8cefc9f162773e69c5,1
87,120,2021-09-30 19:32:37.303002,8pn8lqj2pmralym,615313709266fea7e6660549,1
88,122,2021-09-30 19:54:48.786448,lycl545mzzq5r9c,613be8c539a05b59e17d863f,1
89,123,2021-09-30 20:11:09.552926,8jp4cr21yjo1hjk,6148d3c3a0482ae52f0e5708,1
90,124,2021-09-30 20:31:00.745230,m9ooowrbwqtlzcc,5c0e94f62932300001e2e0d3,1
91,127,2021-10-01 13:59:32.935180,yz0h7xhbqj5s0vb,5a63b47063394a0001555a41,1
92,130,2021-10-01 14:05:23.615032,aenxvo1typrv4px,6155c6a8e5b22493f3cd1209,1
93,131,2021-10-01 14:05:50.001390,wyz1yqvqa8gn85w,5eaef0236d4da65d2d30506a,1
94,132,2021-10-01 14:06:08.566375,fyl0cq6a8a6vz02,615734afdb96c19a7f5fbc12,1
95,136,2021-10-01 14:10:37.216434,yuog40l0nzxr6db,614ed237b859c8661daa1850,1
97,140,2021-10-01 14:17:24.372109,l5r6r5mcdbxap32,6149d4bdbe0c5415425b6631,1
98,141,2021-10-01 14:17:58.376275,x6wgmzy34q85x6s,614ec8873bba436b435d9250,1
99,143,2021-10-01 14:28:42.274314,1gr9ckwrg193v0y,5f3fd4d348ba6b0822da3b43,1
100,146,2021-10-01 14:56:19.952476,5qytms4mw1do73r,6154d418d051fccd08ab8173,1
101,147,2021-10-01 15:05:57.031319,8fagyl3mzaragen,61527664bdd4bd64a2a3a511,1
102,148,2021-10-01 15:09:22.180743,pathmltuu1rxywk,615363bda302d2c6c0888afc,1
103,149,2021-10-01 15:14:50.625905,ocp5224rzqr0pa2,6151e91ad09391e03adcd813,1
104,150,2021-10-01 15:45:53.479727,asgalvoh3vh65gc,614b789e8d3c41a3ca1b5332,1
